Choir-Name,Path,Filename,Last Update
eibach,../Domains/Domain_Mirror/eibach/posaunenchor-eibach.jimdofree.com/,index.html,11/06/2022 16:29:50
eibach,../Domains/Domain_Mirror/eibach/posaunenchor-eibach.jimdofree.com/serenade/,index.html,11/06/2022 16:29:50
eibach,../Domains/Domain_Mirror/eibach/posaunenchor-eibach.jimdofree.com/so-war-s-früher/,index.html,11/06/2022 16:29:50
eibach,../Domains/Domain_Mirror/eibach/posaunenchor-eibach.jimdofree.com/so-ist-s-heute/,index.html,11/06/2022 16:29:50
eibach,../Domains/Domain_Mirror/eibach/posaunenchor-eibach.jimdofree.com/weihnachtszeit/,index.html,11/06/2022 16:29:50
eibach,../Domains/Domain_Mirror/eibach/posaunenchor-eibach.jimdofree.com/wir-spielen-bei-allen-gelegenheiten/,index.html,11/06/2022 16:29:50
eibach,../Domains/Domain_Mirror/eibach/posaunenchor-eibach.jimdofree.com/aktuelle-termine/,index.html,11/06/2022 16:29:50
eibach,../Domains/Domain_Mirror/eibach/posaunenchor-eibach.jimdofree.com/kontakt/,index.html,11/06/2022 16:29:50
eibach,../Domains/Domain_Mirror/eibach/posaunenchor-eibach.jimdofree.com/impressum/,index.html,11/06/2022 16:29:50
eibach,../Domains/Domain_Mirror/eibach/posaunenchor-eibach.jimdofree.com/about/,index.html,11/06/2022 16:29:50
eibach,../Domains/Domain_Mirror/eibach/posaunenchor-eibach.jimdofree.com/sitemap/,index.html,11/06/2022 16:29:50
ziegelstein,../Domains/Domain_Mirror/ziegelstein/www.melanchthonkirche-ziegelstein.de/choere/,index.html,11/06/2022 16:29:50
ziegelstein,../Domains/Domain_Mirror/ziegelstein/www.melanchthonkirche-ziegelstein.de/comments/feed/,index.html,11/06/2022 16:29:50
ziegelstein,../Domains/Domain_Mirror/ziegelstein/www.melanchthonkirche-ziegelstein.de/wp-json/,index.html,11/06/2022 16:29:50
ziegelstein,../Domains/Domain_Mirror/ziegelstein/www.melanchthonkirche-ziegelstein.de/,index.html?p=33,11/06/2022 16:29:50
ziegelstein,../Domains/Domain_Mirror/ziegelstein/www.melanchthonkirche-ziegelstein.de/,index.html,11/06/2022 16:29:50
ziegelstein,../Domains/Domain_Mirror/ziegelstein/www.melanchthonkirche-ziegelstein.de/category/gemeindebrief/,index.html,11/06/2022 16:29:50
ziegelstein,../Domains/Domain_Mirror/ziegelstein/www.melanchthonkirche-ziegelstein.de/melanchthonkirche/,index.html,11/06/2022 16:29:50
ziegelstein,../Domains/Domain_Mirror/ziegelstein/www.melanchthonkirche-ziegelstein.de/wer-war-melanchthon/,index.html,11/06/2022 16:29:50
ziegelstein,../Domains/Domain_Mirror/ziegelstein/www.melanchthonkirche-ziegelstein.de/gnadenkirche/,index.html,11/06/2022 16:29:50
ziegelstein,../Domains/Domain_Mirror/ziegelstein/www.melanchthonkirche-ziegelstein.de/sonntagsgottesdienste/,index.html,11/06/2022 16:29:50
ziegelstein,../Domains/Domain_Mirror/ziegelstein/www.melanchthonkirche-ziegelstein.de/kindergottesdienste/,index.html,11/06/2022 16:29:50
ziegelstein,../Domains/Domain_Mirror/ziegelstein/www.melanchthonkirche-ziegelstein.de/onlinegottesdienste-und-andachten/,index.html,11/06/2022 16:29:50
ziegelstein,../Domains/Domain_Mirror/ziegelstein/www.melanchthonkirche-ziegelstein.de/taufe/,index.html,11/06/2022 16:29:50
ziegelstein,../Domains/Domain_Mirror/ziegelstein/www.melanchthonkirche-ziegelstein.de/konfirmation/,index.html,11/06/2022 16:29:50
ziegelstein,../Domains/Domain_Mirror/ziegelstein/www.melanchthonkirche-ziegelstein.de/trauerfeier/,index.html,11/06/2022 16:29:50
ziegelstein,../Domains/Domain_Mirror/ziegelstein/www.melanchthonkirche-ziegelstein.de/bestattung/,index.html,11/06/2022 16:29:50
ziegelstein,../Domains/Domain_Mirror/ziegelstein/www.melanchthonkirche-ziegelstein.de/kinder/,index.html,11/06/2022 16:29:50
ziegelstein,../Domains/Domain_Mirror/ziegelstein/www.melanchthonkirche-ziegelstein.de/jugend/,index.html,11/06/2022 16:29:50
ziegelstein,../Domains/Domain_Mirror/ziegelstein/www.melanchthonkirche-ziegelstein.de/konfirmanden/,index.html,11/06/2022 16:29:50
ziegelstein,../Domains/Domain_Mirror/ziegelstein/www.melanchthonkirche-ziegelstein.de/familien/,index.html,11/06/2022 16:29:50
ziegelstein,../Domains/Domain_Mirror/ziegelstein/www.melanchthonkirche-ziegelstein.de/erwachsene/,index.html,11/06/2022 16:29:50
ziegelstein,../Domains/Domain_Mirror/ziegelstein/www.melanchthonkirche-ziegelstein.de/senioren/,index.html,11/06/2022 16:29:50
ziegelstein,../Domains/Domain_Mirror/ziegelstein/www.melanchthonkirche-ziegelstein.de/kooperation/,index.html,11/06/2022 16:29:50
ziegelstein,../Domains/Domain_Mirror/ziegelstein/www.melanchthonkirche-ziegelstein.de/geschichte/,index.html,11/06/2022 16:29:50
ziegelstein,../Domains/Domain_Mirror/ziegelstein/www.melanchthonkirche-ziegelstein.de/partnerschaften/,index.html,11/06/2022 16:29:50
ziegelstein,../Domains/Domain_Mirror/ziegelstein/www.melanchthonkirche-ziegelstein.de/diakonie-und-kindergarten/,index.html,11/06/2022 16:29:50
ziegelstein,../Domains/Domain_Mirror/ziegelstein/www.melanchthonkirche-ziegelstein.de/gemeindehaus/,index.html,11/06/2022 16:29:50
ziegelstein,../Domains/Domain_Mirror/ziegelstein/www.melanchthonkirche-ziegelstein.de/bus/,index.html,11/06/2022 16:29:50
ziegelstein,../Domains/Domain_Mirror/ziegelstein/www.melanchthonkirche-ziegelstein.de/evangelisch-werden/,index.html,11/06/2022 16:29:50
ziegelstein,../Domains/Domain_Mirror/ziegelstein/www.melanchthonkirche-ziegelstein.de/pfarramt/,index.html,11/06/2022 16:29:50
ziegelstein,../Domains/Domain_Mirror/ziegelstein/www.melanchthonkirche-ziegelstein.de/seelsorge/,index.html,11/06/2022 16:29:50
ziegelstein,../Domains/Domain_Mirror/ziegelstein/www.melanchthonkirche-ziegelstein.de/pfarrer/,index.html,11/06/2022 16:29:50
ziegelstein,../Domains/Domain_Mirror/ziegelstein/www.melanchthonkirche-ziegelstein.de/diakonin/,index.html,11/06/2022 16:29:50
ziegelstein,../Domains/Domain_Mirror/ziegelstein/www.melanchthonkirche-ziegelstein.de/jugendreferentin/,index.html,11/06/2022 16:29:50
ziegelstein,../Domains/Domain_Mirror/ziegelstein/www.melanchthonkirche-ziegelstein.de/kantor/,index.html,11/06/2022 16:29:50
ziegelstein,../Domains/Domain_Mirror/ziegelstein/www.melanchthonkirche-ziegelstein.de/kirchenvorstand/,index.html,11/06/2022 16:29:50
ziegelstein,../Domains/Domain_Mirror/ziegelstein/www.melanchthonkirche-ziegelstein.de/weitere-mitarbeitende/,index.html,11/06/2022 16:29:50
ziegelstein,../Domains/Domain_Mirror/ziegelstein/www.melanchthonkirche-ziegelstein.de/gemeindeleben/,index.html,11/06/2022 16:29:50
ziegelstein,../Domains/Domain_Mirror/ziegelstein/www.melanchthonkirche-ziegelstein.de/jugendverein/,index.html,11/06/2022 16:29:50
ziegelstein,../Domains/Domain_Mirror/ziegelstein/www.melanchthonkirche-ziegelstein.de/impressum/,index.html,11/06/2022 16:29:50
ziegelstein,../Domains/Domain_Mirror/ziegelstein/www.melanchthonkirche-ziegelstein.de/jahreslosung-2022/,index.html,11/06/2022 16:29:50
ziegelstein,../Domains/Domain_Mirror/ziegelstein/www.melanchthonkirche-ziegelstein.de/die-melanchthonkirche/,index.html,11/06/2022 16:29:50
ziegelstein,../Domains/Domain_Mirror/ziegelstein/www.melanchthonkirche-ziegelstein.de/angebot-des-seniorennetzwerks-treffpunkt-kulturladen-ziegelstein/,index.html,11/06/2022 16:29:50
ziegelstein,../Domains/Domain_Mirror/ziegelstein/www.melanchthonkirche-ziegelstein.de/author/susanne/,index.html,11/06/2022 16:29:50
ziegelstein,../Domains/Domain_Mirror/ziegelstein/www.melanchthonkirche-ziegelstein.de/category/allgemein/,index.html,11/06/2022 16:29:50
ziegelstein,../Domains/Domain_Mirror/ziegelstein/www.melanchthonkirche-ziegelstein.de/von-bach-bis-beatles-konzert-zum-gemeindefest/,index.html,11/06/2022 16:29:50
ziegelstein,../Domains/Domain_Mirror/ziegelstein/www.melanchthonkirche-ziegelstein.de/oekumenisches-gemeindefest/,index.html,11/06/2022 16:29:50
ziegelstein,../Domains/Domain_Mirror/ziegelstein/www.melanchthonkirche-ziegelstein.de/angebot-des-seniorennetzwerkes-mittagstisch-bei-st-georg/,index.html,11/06/2022 16:29:50
ziegelstein,../Domains/Domain_Mirror/ziegelstein/www.melanchthonkirche-ziegelstein.de/3003-2/,index.html,11/06/2022 16:29:50
ziegelstein,../Domains/Domain_Mirror/ziegelstein/www.melanchthonkirche-ziegelstein.de/gottesdienst-in-der-region-an-pfingstmontag/,index.html,11/06/2022 16:29:50
ziegelstein,../Domains/Domain_Mirror/ziegelstein/www.melanchthonkirche-ziegelstein.de/angebot-des-seniorennetzwerkes-infostand-am-fritz-munkert-platz/,index.html,11/06/2022 16:29:50
ziegelstein,../Domains/Domain_Mirror/ziegelstein/www.melanchthonkirche-ziegelstein.de/angebot-des-seniorennetzwerkes-rollator-parade/,index.html,11/06/2022 16:29:50
ziegelstein,../Domains/Domain_Mirror/ziegelstein/www.melanchthonkirche-ziegelstein.de/einfuehrung-der-neuen-jugendreferentin-an-pfingsten/,index.html,11/06/2022 16:29:50
ziegelstein,../Domains/Domain_Mirror/ziegelstein/www.melanchthonkirche-ziegelstein.de/jugendtreff-buchenbuehl-startet-wieder/,index.html,11/06/2022 16:29:50
ziegelstein,../Domains/Domain_Mirror/ziegelstein/www.melanchthonkirche-ziegelstein.de/author/rebekka/,index.html,11/06/2022 16:29:50
ziegelstein,../Domains/Domain_Mirror/ziegelstein/www.melanchthonkirche-ziegelstein.de/category/jugend/,index.html,11/06/2022 16:29:50
ziegelstein,../Domains/Domain_Mirror/ziegelstein/www.melanchthonkirche-ziegelstein.de/page/2/,index.html,11/06/2022 16:29:50
ziegelstein,../Domains/Domain_Mirror/ziegelstein/www.melanchthonkirche-ziegelstein.de/gemeindebrief-april-mai-2022/,index.html,11/06/2022 16:29:50
ziegelstein,../Domains/Domain_Mirror/ziegelstein/www.melanchthonkirche-ziegelstein.de/author/sonja/,index.html,11/06/2022 16:29:50
ziegelstein,../Domains/Domain_Mirror/ziegelstein/www.melanchthonkirche-ziegelstein.de/gemeindebrief-februar-maerz-22/,index.html,11/06/2022 16:29:50
ziegelstein,../Domains/Domain_Mirror/ziegelstein/www.melanchthonkirche-ziegelstein.de/gemeindebrief-dezember-21-januar-22/,index.html,11/06/2022 16:29:50
ziegelstein,../Domains/Domain_Mirror/ziegelstein/www.melanchthonkirche-ziegelstein.de/gemeindebrief-oktober-november-2021/,index.html,11/06/2022 16:29:50
ziegelstein,../Domains/Domain_Mirror/ziegelstein/www.melanchthonkirche-ziegelstein.de/gemeindebrief-august-september-2021/,index.html,11/06/2022 16:29:50
ziegelstein,../Domains/Domain_Mirror/ziegelstein/www.melanchthonkirche-ziegelstein.de/gemeindebrief-juni-juli/,index.html,11/06/2022 16:29:50
ziegelstein,../Domains/Domain_Mirror/ziegelstein/www.melanchthonkirche-ziegelstein.de/gemeindebrief-april-mai-2021/,index.html,11/06/2022 16:29:50
ziegelstein,../Domains/Domain_Mirror/ziegelstein/www.melanchthonkirche-ziegelstein.de/gemeindebrief-februar-maerz-2021/,index.html,11/06/2022 16:29:50
ziegelstein,../Domains/Domain_Mirror/ziegelstein/www.melanchthonkirche-ziegelstein.de/gemeindebrief-dezember-20-januar-21/,index.html,11/06/2022 16:29:50
ziegelstein,../Domains/Domain_Mirror/ziegelstein/www.melanchthonkirche-ziegelstein.de/gemeindebrief-oktober-november-2020/,index.html,11/06/2022 16:29:50
ziegelstein,../Domains/Domain_Mirror/ziegelstein/www.melanchthonkirche-ziegelstein.de/author/redaktion/,index.html,11/06/2022 16:29:50
ziegelstein,../Domains/Domain_Mirror/ziegelstein/www.melanchthonkirche-ziegelstein.de/category/gemeindebrief/page/2/,index.html,11/06/2022 16:29:50
ziegelstein,../Domains/Domain_Mirror/ziegelstein/www.melanchthonkirche-ziegelstein.de/,index.html?p=60,11/06/2022 16:29:50
ziegelstein,../Domains/Domain_Mirror/ziegelstein/www.melanchthonkirche-ziegelstein.de/,index.html?p=421,11/06/2022 16:29:50
ziegelstein,../Domains/Domain_Mirror/ziegelstein/www.melanchthonkirche-ziegelstein.de/,index.html?p=62,11/06/2022 16:29:50
ziegelstein,../Domains/Domain_Mirror/ziegelstein/www.melanchthonkirche-ziegelstein.de/,index.html?p=2250,11/06/2022 16:29:50
ziegelstein,../Domains/Domain_Mirror/ziegelstein/www.melanchthonkirche-ziegelstein.de/,index.html?p=2251,11/06/2022 16:29:50
ziegelstein,../Domains/Domain_Mirror/ziegelstein/www.melanchthonkirche-ziegelstein.de/,index.html?p=2253,11/06/2022 16:29:50
ziegelstein,../Domains/Domain_Mirror/ziegelstein/www.melanchthonkirche-ziegelstein.de/,index.html?p=2093,11/06/2022 16:29:50
ziegelstein,../Domains/Domain_Mirror/ziegelstein/www.melanchthonkirche-ziegelstein.de/,index.html?p=2094,11/06/2022 16:29:50
ziegelstein,../Domains/Domain_Mirror/ziegelstein/www.melanchthonkirche-ziegelstein.de/,index.html?p=2095,11/06/2022 16:29:50
ziegelstein,../Domains/Domain_Mirror/ziegelstein/www.melanchthonkirche-ziegelstein.de/,index.html?p=2096,11/06/2022 16:29:50
ziegelstein,../Domains/Domain_Mirror/ziegelstein/www.melanchthonkirche-ziegelstein.de/,index.html?p=42,11/06/2022 16:29:50
ziegelstein,../Domains/Domain_Mirror/ziegelstein/www.melanchthonkirche-ziegelstein.de/,index.html?p=38,11/06/2022 16:29:50
ziegelstein,../Domains/Domain_Mirror/ziegelstein/www.melanchthonkirche-ziegelstein.de/,index.html?p=40,11/06/2022 16:29:50
ziegelstein,../Domains/Domain_Mirror/ziegelstein/www.melanchthonkirche-ziegelstein.de/,index.html?p=35,11/06/2022 16:29:50
ziegelstein,../Domains/Domain_Mirror/ziegelstein/www.melanchthonkirche-ziegelstein.de/,index.html?p=348,11/06/2022 16:29:50
ziegelstein,../Domains/Domain_Mirror/ziegelstein/www.melanchthonkirche-ziegelstein.de/,index.html?p=31,11/06/2022 16:29:50
ziegelstein,../Domains/Domain_Mirror/ziegelstein/www.melanchthonkirche-ziegelstein.de/,index.html?p=532,11/06/2022 16:29:50
ziegelstein,../Domains/Domain_Mirror/ziegelstein/www.melanchthonkirche-ziegelstein.de/,index.html?p=46,11/06/2022 16:29:50
ziegelstein,../Domains/Domain_Mirror/ziegelstein/www.melanchthonkirche-ziegelstein.de/,index.html?p=44,11/06/2022 16:29:50
ziegelstein,../Domains/Domain_Mirror/ziegelstein/www.melanchthonkirche-ziegelstein.de/,index.html?p=2205,11/06/2022 16:29:50
ziegelstein,../Domains/Domain_Mirror/ziegelstein/www.melanchthonkirche-ziegelstein.de/,index.html?p=2588,11/06/2022 16:29:50
ziegelstein,../Domains/Domain_Mirror/ziegelstein/www.melanchthonkirche-ziegelstein.de/,index.html?p=2589,11/06/2022 16:29:50
ziegelstein,../Domains/Domain_Mirror/ziegelstein/www.melanchthonkirche-ziegelstein.de/,index.html?p=2176,11/06/2022 16:29:50
ziegelstein,../Domains/Domain_Mirror/ziegelstein/www.melanchthonkirche-ziegelstein.de/,index.html?p=48,11/06/2022 16:29:50
ziegelstein,../Domains/Domain_Mirror/ziegelstein/www.melanchthonkirche-ziegelstein.de/,index.html?p=2175,11/06/2022 16:29:50
ziegelstein,../Domains/Domain_Mirror/ziegelstein/www.melanchthonkirche-ziegelstein.de/,index.html?p=342,11/06/2022 16:29:50
ziegelstein,../Domains/Domain_Mirror/ziegelstein/www.melanchthonkirche-ziegelstein.de/,index.html?p=345,11/06/2022 16:29:50
ziegelstein,../Domains/Domain_Mirror/ziegelstein/www.melanchthonkirche-ziegelstein.de/,index.html?p=355,11/06/2022 16:29:50
ziegelstein,../Domains/Domain_Mirror/ziegelstein/www.melanchthonkirche-ziegelstein.de/,index.html?p=367,11/06/2022 16:29:50
ziegelstein,../Domains/Domain_Mirror/ziegelstein/www.melanchthonkirche-ziegelstein.de/,index.html?p=52,11/06/2022 16:29:50
ziegelstein,../Domains/Domain_Mirror/ziegelstein/www.melanchthonkirche-ziegelstein.de/,index.html?p=50,11/06/2022 16:29:50
ziegelstein,../Domains/Domain_Mirror/ziegelstein/www.melanchthonkirche-ziegelstein.de/,index.html?p=16,11/06/2022 16:29:50
ziegelstein,../Domains/Domain_Mirror/ziegelstein/www.melanchthonkirche-ziegelstein.de/,index.html?p=2651,11/06/2022 16:29:50
ziegelstein,../Domains/Domain_Mirror/ziegelstein/www.melanchthonkirche-ziegelstein.de/,index.html?p=405,11/06/2022 16:29:50
ziegelstein,../Domains/Domain_Mirror/ziegelstein/www.melanchthonkirche-ziegelstein.de/,index.html?p=2896,11/06/2022 16:29:50
ziegelstein,../Domains/Domain_Mirror/ziegelstein/www.melanchthonkirche-ziegelstein.de/category/featured/,index.html,11/06/2022 16:29:50
ziegelstein,../Domains/Domain_Mirror/ziegelstein/www.melanchthonkirche-ziegelstein.de/gemeindebrief/,index.html,11/06/2022 16:29:50
ziegelstein,../Domains/Domain_Mirror/ziegelstein/www.melanchthonkirche-ziegelstein.de/,index.html?p=1105,11/06/2022 16:29:50
ziegelstein,../Domains/Domain_Mirror/ziegelstein/www.melanchthonkirche-ziegelstein.de/,index.html?p=3057,11/06/2022 16:29:50
ziegelstein,../Domains/Domain_Mirror/ziegelstein/www.melanchthonkirche-ziegelstein.de/konfirmation-und-dann/,index.html,11/06/2022 16:29:50
ziegelstein,../Domains/Domain_Mirror/ziegelstein/www.melanchthonkirche-ziegelstein.de/author/susanne/page/2/,index.html,11/06/2022 16:29:50
ziegelstein,../Domains/Domain_Mirror/ziegelstein/www.melanchthonkirche-ziegelstein.de/wiederoeffnung-kinderbuecherei-am-3-mai/,index.html,11/06/2022 16:29:50
ziegelstein,../Domains/Domain_Mirror/ziegelstein/www.melanchthonkirche-ziegelstein.de/category/allgemein/page/2/,index.html,11/06/2022 16:29:50
ziegelstein,../Domains/Domain_Mirror/ziegelstein/www.melanchthonkirche-ziegelstein.de/,index.html?p=3068,11/06/2022 16:29:50
ziegelstein,../Domains/Domain_Mirror/ziegelstein/www.melanchthonkirche-ziegelstein.de/,index.html?p=3066,11/06/2022 16:29:50
ziegelstein,../Domains/Domain_Mirror/ziegelstein/www.melanchthonkirche-ziegelstein.de/,index.html?p=3064,11/06/2022 16:29:50
ziegelstein,../Domains/Domain_Mirror/ziegelstein/www.melanchthonkirche-ziegelstein.de/,index.html?p=3003,11/06/2022 16:29:50
ziegelstein,../Domains/Domain_Mirror/ziegelstein/www.melanchthonkirche-ziegelstein.de/,index.html?p=3062,11/06/2022 16:29:50
ziegelstein,../Domains/Domain_Mirror/ziegelstein/www.melanchthonkirche-ziegelstein.de/,index.html?p=3053,11/06/2022 16:29:50
ziegelstein,../Domains/Domain_Mirror/ziegelstein/www.melanchthonkirche-ziegelstein.de/,index.html?p=3050,11/06/2022 16:29:50
ziegelstein,../Domains/Domain_Mirror/ziegelstein/www.melanchthonkirche-ziegelstein.de/,index.html?p=3046,11/06/2022 16:29:50
ziegelstein,../Domains/Domain_Mirror/ziegelstein/www.melanchthonkirche-ziegelstein.de/,index.html?p=3032,11/06/2022 16:29:50
ziegelstein,../Domains/Domain_Mirror/ziegelstein/www.melanchthonkirche-ziegelstein.de/der-kirchentag-kommt-nach-nuernberg-2023/,index.html,11/06/2022 16:29:50
ziegelstein,../Domains/Domain_Mirror/ziegelstein/www.melanchthonkirche-ziegelstein.de/70-jahre-gnadenkirche/,index.html,11/06/2022 16:29:50
ziegelstein,../Domains/Domain_Mirror/ziegelstein/www.melanchthonkirche-ziegelstein.de/unser-kirchenjahr/,index.html,11/06/2022 16:29:50
ziegelstein,../Domains/Domain_Mirror/ziegelstein/www.melanchthonkirche-ziegelstein.de/die-aktuelle-tageslosung-und-das-kirchenjahr/,index.html,11/06/2022 16:29:50
ziegelstein,../Domains/Domain_Mirror/ziegelstein/www.melanchthonkirche-ziegelstein.de/gemeinsam-in-ziegelstein-der-arbeits-und-helferkreis-fluechtlinge/,index.html,11/06/2022 16:29:50
ziegelstein,../Domains/Domain_Mirror/ziegelstein/www.melanchthonkirche-ziegelstein.de/,index.html?p=2965,11/06/2022 16:29:50
ziegelstein,../Domains/Domain_Mirror/ziegelstein/www.melanchthonkirche-ziegelstein.de/author/sonja/page/2/,index.html,11/06/2022 16:29:50
ziegelstein,../Domains/Domain_Mirror/ziegelstein/www.melanchthonkirche-ziegelstein.de/,index.html?p=2902,11/06/2022 16:29:50
ziegelstein,../Domains/Domain_Mirror/ziegelstein/www.melanchthonkirche-ziegelstein.de/,index.html?p=2828,11/06/2022 16:29:50
ziegelstein,../Domains/Domain_Mirror/ziegelstein/www.melanchthonkirche-ziegelstein.de/,index.html?p=2742,11/06/2022 16:29:50
ziegelstein,../Domains/Domain_Mirror/ziegelstein/www.melanchthonkirche-ziegelstein.de/,index.html?p=2738,11/06/2022 16:29:50
ziegelstein,../Domains/Domain_Mirror/ziegelstein/www.melanchthonkirche-ziegelstein.de/,index.html?p=2627,11/06/2022 16:29:50
ziegelstein,../Domains/Domain_Mirror/ziegelstein/www.melanchthonkirche-ziegelstein.de/,index.html?p=2573,11/06/2022 16:29:50
ziegelstein,../Domains/Domain_Mirror/ziegelstein/www.melanchthonkirche-ziegelstein.de/,index.html?p=2535,11/06/2022 16:29:50
ziegelstein,../Domains/Domain_Mirror/ziegelstein/www.melanchthonkirche-ziegelstein.de/,index.html?p=2329,11/06/2022 16:29:50
ziegelstein,../Domains/Domain_Mirror/ziegelstein/www.melanchthonkirche-ziegelstein.de/gemeindebrief-august-september-2020/,index.html,11/06/2022 16:29:50
ziegelstein,../Domains/Domain_Mirror/ziegelstein/www.melanchthonkirche-ziegelstein.de/,index.html?p=2052,11/06/2022 16:29:50
ziegelstein,../Domains/Domain_Mirror/ziegelstein/www.melanchthonkirche-ziegelstein.de/gemeindebrief-juni-juli-2020/,index.html,11/06/2022 16:29:50
ziegelstein,../Domains/Domain_Mirror/ziegelstein/www.melanchthonkirche-ziegelstein.de/gemeindebrief-februar-maerz-2020/,index.html,11/06/2022 16:29:50
ziegelstein,../Domains/Domain_Mirror/ziegelstein/www.melanchthonkirche-ziegelstein.de/gemeindebrief-dezember-19-januar-20/,index.html,11/06/2022 16:29:50
ziegelstein,../Domains/Domain_Mirror/ziegelstein/www.melanchthonkirche-ziegelstein.de/gemeindebrief-oktober-november-2019/,index.html,11/06/2022 16:29:50
ziegelstein,../Domains/Domain_Mirror/ziegelstein/www.melanchthonkirche-ziegelstein.de/gemeindebrief-august-september-2019/,index.html,11/06/2022 16:29:50
ziegelstein,../Domains/Domain_Mirror/ziegelstein/www.melanchthonkirche-ziegelstein.de/gemeindebrief-juni-juli-2019/,index.html,11/06/2022 16:29:50
ziegelstein,../Domains/Domain_Mirror/ziegelstein/www.melanchthonkirche-ziegelstein.de/gemeindebrief-februar-maerz-2019/,index.html,11/06/2022 16:29:50
ziegelstein,../Domains/Domain_Mirror/ziegelstein/www.melanchthonkirche-ziegelstein.de/gemeindebrief-dezember-2018-januar-2019/,index.html,11/06/2022 16:29:50
ziegelstein,../Domains/Domain_Mirror/ziegelstein/www.melanchthonkirche-ziegelstein.de/gemeindebrief-oktober-november-2018/,index.html,11/06/2022 16:29:50
ziegelstein,../Domains/Domain_Mirror/ziegelstein/www.melanchthonkirche-ziegelstein.de/category/gemeindebrief/page/3/,index.html,11/06/2022 16:29:50
ziegelstein,../Domains/Domain_Mirror/ziegelstein/www.melanchthonkirche-ziegelstein.de/gemeindebrief-februar-maerz-2017/,index.html,11/06/2022 16:29:50
ziegelstein,../Domains/Domain_Mirror/ziegelstein/www.melanchthonkirche-ziegelstein.de/,index.html?p=388,11/06/2022 16:29:50
ziegelstein,../Domains/Domain_Mirror/ziegelstein/www.melanchthonkirche-ziegelstein.de/author/peter/,index.html,11/06/2022 16:29:50
ziegelstein,../Domains/Domain_Mirror/ziegelstein/www.melanchthonkirche-ziegelstein.de/,index.html?p=2998,11/06/2022 16:29:50
ziegelstein,../Domains/Domain_Mirror/ziegelstein/www.melanchthonkirche-ziegelstein.de/,index.html?p=2991,11/06/2022 16:29:50
ziegelstein,../Domains/Domain_Mirror/ziegelstein/www.melanchthonkirche-ziegelstein.de/,index.html?p=2701,11/06/2022 16:29:50
ziegelstein,../Domains/Domain_Mirror/ziegelstein/www.melanchthonkirche-ziegelstein.de/,index.html?p=2539,11/06/2022 16:29:50
ziegelstein,../Domains/Domain_Mirror/ziegelstein/www.melanchthonkirche-ziegelstein.de/,index.html?p=2238,11/06/2022 16:29:50
ziegelstein,../Domains/Domain_Mirror/ziegelstein/www.melanchthonkirche-ziegelstein.de/,index.html?p=2224,11/06/2022 16:29:50
ziegelstein,../Domains/Domain_Mirror/ziegelstein/www.melanchthonkirche-ziegelstein.de/gemeindebrief-februar-maerz-2018/,index.html,11/06/2022 16:29:50
ziegelstein,../Domains/Domain_Mirror/ziegelstein/www.melanchthonkirche-ziegelstein.de/gemeindebrief-april-mai-2018/,index.html,11/06/2022 16:29:50
ziegelstein,../Domains/Domain_Mirror/ziegelstein/www.melanchthonkirche-ziegelstein.de/,index.html?p=1201,11/06/2022 16:29:50
ziegelstein,../Domains/Domain_Mirror/ziegelstein/www.melanchthonkirche-ziegelstein.de/author/sonja/page/3/,index.html,11/06/2022 16:29:50
ziegelstein,../Domains/Domain_Mirror/ziegelstein/www.melanchthonkirche-ziegelstein.de/,index.html?p=2023,11/06/2022 16:29:50
ziegelstein,../Domains/Domain_Mirror/ziegelstein/www.melanchthonkirche-ziegelstein.de/,index.html?p=2007,11/06/2022 16:29:50
ziegelstein,../Domains/Domain_Mirror/ziegelstein/www.melanchthonkirche-ziegelstein.de/,index.html?p=1609,11/06/2022 16:29:50
ziegelstein,../Domains/Domain_Mirror/ziegelstein/www.melanchthonkirche-ziegelstein.de/,index.html?p=1565,11/06/2022 16:29:50
ziegelstein,../Domains/Domain_Mirror/ziegelstein/www.melanchthonkirche-ziegelstein.de/,index.html?p=1542,11/06/2022 16:29:50
ziegelstein,../Domains/Domain_Mirror/ziegelstein/www.melanchthonkirche-ziegelstein.de/,index.html?p=1504,11/06/2022 16:29:50
ziegelstein,../Domains/Domain_Mirror/ziegelstein/www.melanchthonkirche-ziegelstein.de/,index.html?p=1444,11/06/2022 16:29:50
ziegelstein,../Domains/Domain_Mirror/ziegelstein/www.melanchthonkirche-ziegelstein.de/,index.html?p=1400,11/06/2022 16:29:50
ziegelstein,../Domains/Domain_Mirror/ziegelstein/www.melanchthonkirche-ziegelstein.de/,index.html?p=1336,11/06/2022 16:29:50
ziegelstein,../Domains/Domain_Mirror/ziegelstein/www.melanchthonkirche-ziegelstein.de/gemeindebrief-august-september-2018/,index.html,11/06/2022 16:29:50
ziegelstein,../Domains/Domain_Mirror/ziegelstein/www.melanchthonkirche-ziegelstein.de/,index.html?p=1306,11/06/2022 16:29:50
ziegelstein,../Domains/Domain_Mirror/ziegelstein/www.melanchthonkirche-ziegelstein.de/gemeindebrief-juni-juli-2018/,index.html,11/06/2022 16:29:50
ziegelstein,../Domains/Domain_Mirror/ziegelstein/www.melanchthonkirche-ziegelstein.de/gemeindebrief-dezember-2017-januar-2018/,index.html,11/06/2022 16:29:50
ziegelstein,../Domains/Domain_Mirror/ziegelstein/www.melanchthonkirche-ziegelstein.de/gemeindebrief-november-2017/,index.html,11/06/2022 16:29:50
ziegelstein,../Domains/Domain_Mirror/ziegelstein/www.melanchthonkirche-ziegelstein.de/gemeindebrief-oktober-2017/,index.html,11/06/2022 16:29:50
ziegelstein,../Domains/Domain_Mirror/ziegelstein/www.melanchthonkirche-ziegelstein.de/gemeindebrief-august-september-2017/,index.html,11/06/2022 16:29:50
ziegelstein,../Domains/Domain_Mirror/ziegelstein/www.melanchthonkirche-ziegelstein.de/gemeindebrief-juni-juli-2017/,index.html,11/06/2022 16:29:50
ziegelstein,../Domains/Domain_Mirror/ziegelstein/www.melanchthonkirche-ziegelstein.de/gemeindebrief-mai-2017/,index.html,11/06/2022 16:29:50
ziegelstein,../Domains/Domain_Mirror/ziegelstein/www.melanchthonkirche-ziegelstein.de/category/gemeindebrief/page/4/,index.html,11/06/2022 16:29:50
ziegelstein,../Domains/Domain_Mirror/ziegelstein/www.melanchthonkirche-ziegelstein.de/gemeindebrief-april-2017/,index.html,11/06/2022 16:29:50
ziegelstein,../Domains/Domain_Mirror/ziegelstein/www.melanchthonkirche-ziegelstein.de/,index.html?p=678,11/06/2022 16:29:50
ziegelstein,../Domains/Domain_Mirror/ziegelstein/www.melanchthonkirche-ziegelstein.de/,index.html?p=1124,11/06/2022 16:29:50
ziegelstein,../Domains/Domain_Mirror/ziegelstein/www.melanchthonkirche-ziegelstein.de/,index.html?p=1155,11/06/2022 16:29:50
ziegelstein,../Domains/Domain_Mirror/ziegelstein/www.melanchthonkirche-ziegelstein.de/author/sonja/page/4/,index.html,11/06/2022 16:29:50
ziegelstein,../Domains/Domain_Mirror/ziegelstein/www.melanchthonkirche-ziegelstein.de/,index.html?p=1277,11/06/2022 16:29:50
ziegelstein,../Domains/Domain_Mirror/ziegelstein/www.melanchthonkirche-ziegelstein.de/,index.html?p=1229,11/06/2022 16:29:50
ziegelstein,../Domains/Domain_Mirror/ziegelstein/www.melanchthonkirche-ziegelstein.de/,index.html?p=1070,11/06/2022 16:29:50
ziegelstein,../Domains/Domain_Mirror/ziegelstein/www.melanchthonkirche-ziegelstein.de/,index.html?p=1005,11/06/2022 16:29:50
ziegelstein,../Domains/Domain_Mirror/ziegelstein/www.melanchthonkirche-ziegelstein.de/,index.html?p=959,11/06/2022 16:29:50
ziegelstein,../Domains/Domain_Mirror/ziegelstein/www.melanchthonkirche-ziegelstein.de/,index.html?p=850,11/06/2022 16:29:50
ziegelstein,../Domains/Domain_Mirror/ziegelstein/www.melanchthonkirche-ziegelstein.de/,index.html?p=749,11/06/2022 16:29:50
ziegelstein,../Domains/Domain_Mirror/ziegelstein/www.melanchthonkirche-ziegelstein.de/,index.html?p=689,11/06/2022 16:29:50
ziegelstein,../Domains/Domain_Mirror/ziegelstein/www.melanchthonkirche-ziegelstein.de/,index.html?p=686,11/06/2022 16:29:50
schniegling,../Domains/Domain_Mirror/schniegling/www.xn--posaunenchor-nrnberg-schniegling-lmd.de/,4579.html,11/06/2022 16:29:50
schniegling,../Domains/Domain_Mirror/schniegling/www.xn--posaunenchor-nrnberg-schniegling-lmd.de/,14001.html,11/06/2022 16:29:50
schniegling,../Domains/Domain_Mirror/schniegling/www.xn--posaunenchor-nrnberg-schniegling-lmd.de/,14006.html,11/06/2022 16:29:50
stJohannis,../Domains/Domain_Mirror/stJohannis/www.pc-st-johannis.de/,index.html,11/06/2022 16:25:35
roethenbach,../Domains/Domain_Mirror/roethenbach/www.evang.posaunenchor.roethenbach.de/PCR/,PCR-Home.html,11/06/2022 16:19:07
roethenbach,../Domains/Domain_Mirror/roethenbach/www.evang.posaunenchor.roethenbach.de/PCR/,PCR-Termine.html,11/06/2022 16:19:07
roethenbach,../Domains/Domain_Mirror/roethenbach/www.evang.posaunenchor.roethenbach.de/PCR/,PCR-Mitglieder.html,11/06/2022 16:19:07
roethenbach,../Domains/Domain_Mirror/roethenbach/www.evang.posaunenchor.roethenbach.de/PCR/,PCR-Chronik.html,11/06/2022 16:19:07
roethenbach,../Domains/Domain_Mirror/roethenbach/www.evang.posaunenchor.roethenbach.de/PCR/,PCR-Links.html,11/06/2022 16:19:07
roethenbach,../Domains/Domain_Mirror/roethenbach/www.evang.posaunenchor.roethenbach.de/PCR/,PCR-PW.html,11/06/2022 16:19:07
roethenbach,../Domains/Domain_Mirror/roethenbach/www.evang.posaunenchor.roethenbach.de/PCR/,PCR-Impressum.html,11/06/2022 16:19:07
ziegelstein,../Domains/Domain_Mirror/ziegelstein/www.melanchthonkirche-ziegelstein.de/feed/,index.html,11/06/2022 16:05:16
ziegelstein,../Domains/Domain_Mirror/ziegelstein/www.melanchthonkirche-ziegelstein.de/category/gemeindebrief/feed/,index.html,11/06/2022 16:05:16
ziegelstein,../Domains/Domain_Mirror/ziegelstein/www.melanchthonkirche-ziegelstein.de/author/susanne/feed/,index.html,11/06/2022 16:05:16
ziegelstein,../Domains/Domain_Mirror/ziegelstein/www.melanchthonkirche-ziegelstein.de/category/allgemein/feed/,index.html,11/06/2022 16:05:16
ziegelstein,../Domains/Domain_Mirror/ziegelstein/www.melanchthonkirche-ziegelstein.de/author/rebekka/feed/,index.html,11/06/2022 16:05:16
ziegelstein,../Domains/Domain_Mirror/ziegelstein/www.melanchthonkirche-ziegelstein.de/category/jugend/feed/,index.html,11/06/2022 16:05:16
ziegelstein,../Domains/Domain_Mirror/ziegelstein/www.melanchthonkirche-ziegelstein.de/author/sonja/feed/,index.html,11/06/2022 16:05:16
ziegelstein,../Domains/Domain_Mirror/ziegelstein/www.melanchthonkirche-ziegelstein.de/author/redaktion/feed/,index.html,11/06/2022 16:05:16
ziegelstein,../Domains/Domain_Mirror/ziegelstein/www.melanchthonkirche-ziegelstein.de/category/featured/feed/,index.html,11/06/2022 16:05:16
ziegelstein,../Domains/Domain_Mirror/ziegelstein/www.melanchthonkirche-ziegelstein.de/author/peter/feed/,index.html,11/06/2022 16:05:16
maxfeld,../Domains/Domain_Mirror/maxfeld/www.maxfeld-evangelisch.de/,kirchenmusik.html,11/06/2022 15:36:23
maxfeld,../Domains/Domain_Mirror/maxfeld/www.maxfeld-evangelisch.de/,index.html,11/06/2022 15:36:23
maxfeld,../Domains/Domain_Mirror/maxfeld/www.maxfeld-evangelisch.de/,kirche.html,11/06/2022 15:36:23
maxfeld,../Domains/Domain_Mirror/maxfeld/www.maxfeld-evangelisch.de/,pfarramt.html,11/06/2022 15:36:23
maxfeld,../Domains/Domain_Mirror/maxfeld/www.maxfeld-evangelisch.de/,buecherei.html,11/06/2022 15:36:23
maxfeld,../Domains/Domain_Mirror/maxfeld/www.maxfeld-evangelisch.de/,gemeindeleben.html,11/06/2022 15:36:23
maxfeld,../Domains/Domain_Mirror/maxfeld/www.maxfeld-evangelisch.de/,altenheimseelsorge.html,11/06/2022 15:36:23
maxfeld,../Domains/Domain_Mirror/maxfeld/www.maxfeld-evangelisch.de/,impressum.html,11/06/2022 15:36:23
maxfeld,../Domains/Domain_Mirror/maxfeld/www.maxfeld-evangelisch.de/,links.html,11/06/2022 15:36:23
maxfeld,../Domains/Domain_Mirror/maxfeld/www.maxfeld-evangelisch.de/,aktuell.html,11/06/2022 15:36:23
maxfeld,../Domains/Domain_Mirror/maxfeld/www.maxfeld-evangelisch.de/,maxfeldboten.html,11/06/2022 15:36:23
maxfeld,../Domains/Domain_Mirror/maxfeld/www.maxfeld-evangelisch.de/,kirchenjubiläum.html,11/06/2022 15:36:23
maxfeld,../Domains/Domain_Mirror/maxfeld/www.maxfeld-evangelisch.de/,zusatz2.html,11/06/2022 15:36:23
maxfeld,../Domains/Domain_Mirror/maxfeld/www.maxfeld-evangelisch.de/,stadtparkgottesdienst.html,11/06/2022 15:36:23
maxfeld,../Domains/Domain_Mirror/maxfeld/www.maxfeld-evangelisch.de/,lebensstationen.html,11/06/2022 15:36:23
maxfeld,../Domains/Domain_Mirror/maxfeld/www.maxfeld-evangelisch.de/,gottesdienst.html,11/06/2022 15:36:23
maxfeld,../Domains/Domain_Mirror/maxfeld/www.maxfeld-evangelisch.de/,bilderzurkirche.html,11/06/2022 15:36:23
maxfeld,../Domains/Domain_Mirror/maxfeld/www.maxfeld-evangelisch.de/,kirche-innenraum.html,11/06/2022 15:36:23
maxfeld,../Domains/Domain_Mirror/maxfeld/www.maxfeld-evangelisch.de/,frauenkreis.html,11/06/2022 15:36:23
maxfeld,../Domains/Domain_Mirror/maxfeld/www.maxfeld-evangelisch.de/,mitarbeitende.html,11/06/2022 15:36:23
maxfeld,../Domains/Domain_Mirror/maxfeld/www.maxfeld-evangelisch.de/,kirchenvorstand.html,11/06/2022 15:36:23
maxfeld,../Domains/Domain_Mirror/maxfeld/www.maxfeld-evangelisch.de/,formulare.html,11/06/2022 15:36:23
maxfeld,../Domains/Domain_Mirror/maxfeld/www.maxfeld-evangelisch.de/,buchbesprechung.html,11/06/2022 15:36:23
maxfeld,../Domains/Domain_Mirror/maxfeld/www.maxfeld-evangelisch.de/,kirchenvereine.html,11/06/2022 15:36:23
maxfeld,../Domains/Domain_Mirror/maxfeld/www.maxfeld-evangelisch.de/,kindergarten.html,11/06/2022 15:36:23
maxfeld,../Domains/Domain_Mirror/maxfeld/www.maxfeld-evangelisch.de/,seniorenheime.html,11/06/2022 15:36:23
maxfeld,../Domains/Domain_Mirror/maxfeld/www.maxfeld-evangelisch.de/,aktionstage.html,11/06/2022 15:36:23
maxfeld,../Domains/Domain_Mirror/maxfeld/www.maxfeld-evangelisch.de/,mmaxfeldboteanschauen.html,11/06/2022 15:36:23
maxfeld,../Domains/Domain_Mirror/maxfeld/www.maxfeld-evangelisch.de/,altenheimseelsorge-ausstellung.html,11/06/2022 15:36:23
maxfeld,../Domains/Domain_Mirror/maxfeld/www.maxfeld-evangelisch.de/,jubilaeum.html,11/06/2022 15:36:23
maxfeld,../Domains/Domain_Mirror/maxfeld/www.maxfeld-evangelisch.de/,aktuell-zusatzinfo.html,11/06/2022 15:36:23
maxfeld,../Domains/Domain_Mirror/maxfeld/www.maxfeld-evangelisch.de/,diakonie.html,11/06/2022 15:36:23
maxfeld,../Domains/Domain_Mirror/maxfeld/www.maxfeld-evangelisch.de/,familienarbeit.html,11/06/2022 15:36:23
maxfeld,../Domains/Domain_Mirror/maxfeld/www.maxfeld-evangelisch.de/,seite47.html,11/06/2022 15:36:23
maxfeld,../Domains/Domain_Mirror/maxfeld/www.maxfeld-evangelisch.de/,seite44.html,11/06/2022 15:36:23
